Department,Gender,HSC,SSC,Income,Hometown,Computer,Preparation,Gaming,Attendance,Job,English,Extra,Semester,Last,Overall,RiskLevel,StudentID
Business Administration,1,4.17,4.84,0.0,1,3,2,0,2.0,0,3,1,6th,3.22,3.35,Medium,S001
Business Administration,0,4.92,5.0,2.0,0,3,0,0,2.0,0,3,1,7th,3.467,3.467,Medium,S002
Business Administration,1,5.0,4.83,1.0,1,3,0,2,2.0,0,4,1,3rd,4.0,3.72,Low,S003
Business Administration,1,4.0,4.5,3.0,0,5,2,2,2.0,0,5,1,4th,3.8,3.75,Low,S004
Business Administration,0,2.19,3.17,1.0,1,3,0,1,2.0,0,3,1,4th,3.94,3.94,Low,S005
Computer Science and Engineering,1,4.75,4.05,1.0,1,3,0,2,,0,4,0,2nd,1.0,1.0,High,S006
Computer Science and Engineering,1,4.42,5.0,3.0,1,4,0,2,,0,2,0,2nd,1.06,1.06,High,S007
Computer Science and Engineering,1,4.5,4.81,2.0,0,3,1,2,2.0,0,4,1,11th,2.95,1.25,High,S008
Computer Science and Engineering,1,3.32,4.5,,0,4,0,2,,0,3,1,5th,1.42,1.44,High,S009
Computer Science and Engineering,0,3.33,4.95,,0,3,0,2,,0,4,0,2nd,1.5,1.5,High,S010
Computer Science and Engineering,1,4.17,5.0,1.0,1,3,0,2,,0,4,0,2nd,1.56,1.56,High,S011
Computer Science and Engineering,1,3.58,4.56,2.0,1,4,0,2,,0,4,0,9th,1.57,1.57,High,S012
Computer Science and Engineering,1,4.5,4.75,1.0,1,1,0,2,,0,2,1,8th,1.57,1.57,High,S013
Computer Science and Engineering,1,4.5,4.75,2.0,1,1,0,2,,0,2,0,8th,1.0,1.6,High,S014
Computer Science and Engineering,1,3.83,5.0,0.0,1,2,0,2,,0,4,0,2nd,1.62,1.62,High,S015
Computer Science and Engineering,1,4.33,4.64,,0,5,0,2,,0,4,0,2nd,1.69,1.69,High,S016
Computer Science and Engineering,0,4.51,4.75,1.0,1,1,0,2,,0,2,1,8th,1.83,1.71,High,S017
Computer Science and Engineering,1,4.5,4.75,1.0,1,1,0,2,,0,2,0,2nd,1.69,1.72,High,S018
Computer Science and Engineering,1,3.92,4.72,3.0,1,3,0,2,,0,2,0,5th,1.33,1.75,High,S019
Computer Science and Engineering,1,3.92,5.0,3.0,1,4,0,2,,0,2,1,2nd,1.75,1.75,High,S020
Computer Science and Engineering,1,4.08,5.0,0.0,1,3,0,2,,0,2,0,2nd,1.25,1.75,High,S021
Computer Science and Engineering,1,3.67,4.86,1.0,0,2,0,0,2.0,0,3,1,3rd,1.79,1.8,High,S022
Computer Science and Engineering,1,4.0,5.0,1.0,0,3,0,2,,0,2,0,2nd,1.63,1.86,High,S023
Computer Science and Engineering,1,3.75,4.73,2.0,1,5,0,2,,0,4,1,2nd,1.88,1.88,High,S024
Computer Science and Engineering,1,3.5,5.0,2.0,0,1,0,2,,0,4,0,5th,1.89,1.89,High,S025
Computer Science and Engineering,1,4.2,5.0,2.0,0,4,0,2,,0,4,0,9th,1.45,1.9,High,S026
Computer Science and Engineering,0,4.58,4.94,3.0,1,3,0,2,,0,4,0,5th,1.33,1.9,High,S027
Computer Science and Engineering,1,3.0,4.06,0.0,1,3,0,2,,0,4,0,2nd,1.92,1.92,High,S028
Computer Science and Engineering,1,4.17,5.0,1.0,0,3,1,2,,0,3,0,2nd,2.06,1.97,High,S029
Computer Science and Engineering,1,4.42,5.0,1.0,0,3,0,0,,0,2,0,11th,2.33,2.0,High,S030
Computer Science and Engineering,1,4.0,4.78,0.0,1,3,1,2,,0,4,1,8th,2.16,2.0,High,S031
Computer Science and Engineering,1,4.5,4.75,,1,1,0,2,,0,2,0,5th,1.5,2.02,High,S032
Computer Science and Engineering,1,4.5,4.75,1.0,1,1,0,2,,0,2,0,8th,1.64,2.1,High,S033
Computer Science and Engineering,1,3.5,4.78,3.0,1,2,0,2,,0,4,0,5th,1.33,2.1,High,S034
Computer Science and Engineering,1,3.82,5.0,1.0,0,4,1,2,,0,4,0,3rd,2.5,2.1,High,S035
Computer Science and Engineering,1,4.5,5.0,3.0,1,4,0,2,,1,4,0,10th,2.23,2.17,High,S036
Computer Science and Engineering,0,4.58,3.96,2.0,0,3,0,2,,0,4,0,8th,2.11,2.17,High,S037
Computer Science and Engineering,1,3.23,4.33,0.0,0,3,0,2,,0,4,0,3rd,2.17,2.17,High,S038
Computer Science and Engineering,1,2.17,4.33,2.0,1,1,0,2,,0,4,0,3rd,2.08,2.17,High,S039
Computer Science and Engineering,1,3.67,4.28,2.0,0,5,0,2,,0,4,1,5th,1.94,2.2,High,S040
Computer Science and Engineering,1,3.8,4.94,1.0,1,3,0,2,,0,4,0,9th,2.0,2.22,High,S041
Computer Science and Engineering,1,3.25,4.94,3.0,1,3,0,2,,0,4,0,9th,2.25,2.25,High,S042
Computer Science and Engineering,0,4.5,4.75,3.0,1,1,1,2,,0,4,1,7th,2.25,2.25,High,S043
Computer Science and Engineering,1,4.0,4.72,2.0,1,3,0,2,,0,4,0,2nd,2.25,2.25,High,S044
Computer Science and Engineering,1,3.42,4.78,1.0,1,2,0,2,,0,4,0,2nd,2.25,2.25,High,S045
Computer Science and Engineering,1,4.0,5.0,3.0,1,2,1,2,,0,3,1,2nd,2.31,2.28,High,S046
Computer Science and Engineering,1,3.33,4.19,3.0,1,4,0,2,,0,4,0,9th,2.3,2.3,High,S047
Computer Science and Engineering,1,4.25,4.38,,0,3,1,2,,0,4,1,7th,2.25,2.3,High,S048
Computer Science and Engineering,1,3.75,5.0,1.0,0,3,0,2,,0,3,0,2nd,2.31,2.31,High,S049
Computer Science and Engineering,0,3.58,5.0,1.0,1,4,0,2,,0,4,0,2nd,2.31,2.31,High,S050
Computer Science and Engineering,1,4.25,5.0,3.0,1,4,0,2,,0,4,0,2nd,2.31,2.31,High,S051
Computer Science and Engineering,0,4.5,4.75,2.0,1,1,2,2,,0,3,0,5th,2.44,2.33,High,S052
Computer Science and Engineering,0,3.83,4.94,3.0,1,1,0,2,,0,4,0,5th,2.33,2.33,High,S053
Computer Science and Engineering,1,3.08,4.22,1.0,1,1,0,2,,0,4,0,3rd,2.33,2.33,High,S054
Computer Science and Engineering,1,3.67,4.91,2.0,0,2,0,2,,0,4,0,3rd,2.33,2.33,High,S055
Computer Science and Engineering,1,5.0,4.75,3.0,0,3,0,2,,1,4,0,9th,2.39,2.35,High,S056
Computer Science and Engineering,1,4.56,4.82,1.0,1,5,0,2,,0,4,1,8th,2.35,2.35,High,S057
Computer Science and Engineering,1,5.0,4.72,3.0,1,4,0,2,,0,5,1,6th,2.35,2.35,High,S058
Computer Science and Engineering,1,3.92,5.0,1.0,1,4,0,2,,0,4,0,2nd,2.38,2.38,High,S059
Computer Science and Engineering,1,4.42,4.32,2.0,1,2,0,2,,0,4,0,2nd,2.38,2.38,High,S060
Computer Science and Engineering,0,3.42,4.14,3.0,0,4,0,2,,0,4,0,2nd,2.38,2.38,High,S061
Computer Science and Engineering,0,4.0,5.0,3.0,1,3,0,2,,0,4,0,2nd,2.38,2.38,High,S062
Computer Science and Engineering,0,4.5,4.75,1.0,1,1,1,2,,0,2,0,10th,2.41,2.41,High,S063
Computer Science and Engineering,1,4.17,4.82,1.0,1,3,0,2,,0,4,0,2nd,2.44,2.44,High,S064
Computer Science and Engineering,1,4.0,5.0,1.0,0,3,0,2,,0,3,0,2nd,2.44,2.44,High,S065
Computer Science and Engineering,1,4.86,5.0,1.0,0,4,0,2,2.0,1,3,0,11th,2.35,2.45,High,S066
Computer Science and Engineering,1,4.5,4.75,1.0,1,1,1,2,,0,3,0,3rd,2.25,2.45,High,S067
Computer Science and Engineering,1,3.63,4.91,1.0,0,5,1,2,,0,4,0,3rd,2.58,2.47,High,S068
Computer Science and Engineering,1,2.25,4.28,0.0,0,5,1,0,2.0,1,5,1,11th,3.0,2.5,High,S069
Computer Science and Engineering,1,2.92,4.75,1.0,0,5,0,2,,1,4,0,8th,2.73,2.5,High,S070
Computer Science and Engineering,1,4.33,5.0,,1,3,0,2,,0,4,0,2nd,2.5,2.5,High,S071
Computer Science and Engineering,1,4.5,4.75,1.0,1,1,1,2,,0,3,1,10th,2.83,2.53,High,S072
Computer Science and Engineering,1,5.0,4.78,3.0,0,3,0,1,2.0,0,3,1,4th,2.24,2.55,High,S073
Computer Science and Engineering,0,3.16,4.19,2.0,1,1,1,2,,1,4,0,5th,2.75,2.55,High,S074
Computer Science and Engineering,1,4.67,5.0,3.0,0,3,0,2,,0,4,0,2nd,2.56,2.56,High,S075
Computer Science and Engineering,1,3.67,4.82,1.0,1,1,0,2,,0,4,0,2nd,2.56,2.56,High,S076
Computer Science and Engineering,1,3.75,4.11,1.0,1,4,0,2,,0,4,0,2nd,2.56,2.56,High,S077
Computer Science and Engineering,1,4.5,3.61,0.0,1,4,2,2,2.0,0,4,1,2nd,3.0,2.58,High,S078
Computer Science and Engineering,1,2.94,4.39,,1,4,0,2,,0,4,0,2nd,2.64,2.64,High,S079
Computer Science and Engineering,1,3.59,5.0,0.0,1,2,0,2,,0,4,0,2nd,2.69,2.69,High,S080
Computer Science and Engineering,1,3.0,4.33,3.0,1,1,0,2,,0,4,0,2nd,2.69,2.69,High,S081
Computer Science and Engineering,1,3.67,5.0,,0,3,0,2,,0,4,0,2nd,2.69,2.69,High,S082
Computer Science and Engineering,1,4.08,5.0,,0,3,0,2,,0,4,0,2nd,2.69,2.69,High,S083
Computer Science and Engineering,1,4.33,5.0,0.0,1,4,0,2,,0,4,0,10th,2.88,2.7,High,S084
Computer Science and Engineering,1,5.0,5.0,1.0,0,4,0,2,,1,4,0,9th,2.83,2.7,High,S085
Computer Science and Engineering,1,3.92,5.0,2.0,0,3,0,2,,0,4,0,3rd,2.83,2.7,High,S086
Computer Science and Engineering,0,5.0,5.0,1.0,1,3,2,2,2.0,1,3,1,4th,2.41,2.75,High,S087
Computer Science and Engineering,1,5.0,5.0,1.0,0,3,1,1,2.0,1,3,1,4th,2.35,2.75,High,S088
Computer Science and Engineering,1,3.92,5.0,1.0,1,1,0,2,2.0,0,3,1,10th,2.89,2.75,High,S089
Computer Science and Engineering,1,4.3,4.75,1.0,1,4,0,2,,0,4,0,10th,2.88,2.75,High,S090
Computer Science and Engineering,0,4.0,5.0,,0,4,0,2,,0,4,0,10th,2.75,2.75,High,S091
Computer Science and Engineering,1,4.0,4.13,1.0,1,4,0,2,,0,4,0,10th,2.82,2.75,High,S092
Computer Science and Engineering,1,4.95,5.0,1.0,0,4,0,2,,0,4,0,10th,2.88,2.75,High,S093
Computer Science and Engineering,1,4.44,4.38,2.0,0,3,0,2,,0,4,0,9th,2.81,2.75,High,S094
Computer Science and Engineering,1,3.75,5.0,2.0,0,5,0,2,,0,4,0,8th,2.84,2.75,High,S095
Computer Science and Engineering,1,3.58,4.61,0.0,0,5,0,2,,0,4,0,8th,2.81,2.75,High,S096
Computer Science and Engineering,0,4.0,4.89,3.0,0,3,0,2,,0,4,0,8th,2.79,2.75,High,S097
Computer Science and Engineering,0,4.67,5.0,3.0,0,3,0,2,,0,4,0,8th,2.83,2.75,High,S098
Computer Science and Engineering,0,4.5,4.5,2.0,0,1,0,2,,1,4,0,8th,2.76,2.75,High,S099
Computer Science and Engineering,1,4.25,4.94,,1,5,0,2,,0,4,1,8th,2.84,2.75,High,S100
Computer Science and Engineering,1,4.0,4.5,1.0,1,3,0,2,,0,4,0,7th,2.75,2.75,High,S101
Computer Science and Engineering,0,3.25,4.17,1.0,0,5,0,2,,0,4,0,6th,2.88,2.75,High,S102
Computer Science and Engineering,1,2.67,4.11,2.0,1,5,0,2,,1,4,0,6th,2.75,2.75,High,S103
Computer Science and Engineering,1,4.42,4.44,,1,3,0,2,,0,4,0,6th,2.8,2.75,High,S104
Computer Science and Engineering,1,4.75,5.0,,1,5,0,2,,0,4,1,5th,2.88,2.75,High,S105
Computer Science and Engineering,1,3.75,4.78,2.0,0,5,0,2,,0,4,1,5th,2.75,2.75,High,S106
Computer Science and Engineering,1,3.5,5.0,3.0,1,1,0,2,,0,4,0,5th,2.77,2.75,High,S107
Computer Science and Engineering,0,3.33,4.59,3.0,0,5,0,2,,0,4,0,3rd,2.75,2.75,High,S108
Computer Science and Engineering,1,4.0,4.89,3.0,0,3,0,2,,0,4,0,3rd,2.75,2.75,High,S109
Computer Science and Engineering,1,3.67,4.77,3.0,0,3,0,2,,0,4,0,3rd,2.83,2.75,High,S110
Computer Science and Engineering,1,4.25,5.0,2.0,1,1,0,2,,0,4,0,2nd,2.75,2.75,High,S111
Computer Science and Engineering,0,4.17,5.0,1.0,1,3,0,2,,0,4,0,2nd,2.75,2.75,High,S112
Computer Science and Engineering,0,3.67,4.73,1.0,0,2,0,2,,0,4,0,2nd,2.75,2.75,High,S113
Computer Science and Engineering,0,4.08,5.0,,1,3,0,2,,0,4,0,2nd,2.75,2.75,High,S114
Computer Science and Engineering,1,4.5,5.0,2.0,0,1,0,0,,0,1,0,11th,2.27,2.79,High,S115
Computer Science and Engineering,1,3.5,4.83,1.0,1,5,0,2,,0,4,1,2nd,2.81,2.81,High,S116
Computer Science and Engineering,1,3.25,4.36,0.0,1,5,0,2,,0,4,1,2nd,2.81,2.81,High,S117
Computer Science and Engineering,0,3.34,4.69,,1,5,0,2,,0,4,1,10th,2.96,2.84,High,S118
Computer Science and Engineering,0,4.08,5.0,2.0,1,4,0,2,,0,4,0,9th,2.99,2.84,High,S119
Computer Science and Engineering,1,4.08,5.0,3.0,1,4,0,2,,0,4,0,6th,2.94,2.84,High,S120
Computer Science and Engineering,1,3.42,4.33,2.0,0,5,0,2,,0,4,0,6th,2.94,2.84,High,S121
Computer Science and Engineering,0,4.5,4.75,1.0,1,3,2,2,,0,2,0,8th,1.52,2.846,High,S122
Computer Science and Engineering,0,4.42,4.23,1.0,1,3,0,2,,0,4,0,2nd,2.86,2.86,High,S123
Computer Science and Engineering,0,3.5,4.73,1.0,0,2,0,2,,0,4,0,2nd,2.88,2.88,High,S124
Computer Science and Engineering,1,3.58,4.68,1.0,0,1,0,2,,0,4,0,2nd,2.88,2.88,High,S125
Computer Science and Engineering,1,4.67,5.0,1.0,0,3,0,2,,0,3,0,2nd,2.88,2.88,High,S126
Computer Science and Engineering,1,4.57,4.95,1.0,0,3,0,2,,0,3,0,2nd,2.88,2.88,High,S127
Computer Science and Engineering,0,4.17,5.0,1.0,0,5,0,2,,0,4,0,2nd,2.88,2.88,High,S128
Computer Science and Engineering,0,3.75,4.69,1.0,0,4,0,2,,0,4,0,10th,2.89,2.89,High,S129
Computer Science and Engineering,1,4.25,5.0,2.0,1,4,0,2,,0,4,0,9th,2.91,2.89,High,S130
Computer Science and Engineering,0,4.17,4.61,1.0,0,3,0,2,,0,3,0,8th,2.89,2.89,High,S131
Computer Science and Engineering,0,4.67,5.0,1.0,1,2,0,2,,0,4,0,8th,2.93,2.89,High,S132
Computer Science and Engineering,0,3.83,5.0,1.0,0,3,0,2,,0,3,0,8th,2.89,2.89,High,S133
Computer Science and Engineering,1,4.08,4.78,3.0,1,3,0,2,,0,4,0,7th,2.92,2.89,High,S134
Computer Science and Engineering,1,3.58,4.88,3.0,1,2,0,2,,0,4,0,7th,2.92,2.89,High,S135
Computer Science and Engineering,1,4.0,4.7,0.0,1,1,0,1,,0,3,1,11th,2.46,2.9,High,S136
Computer Science and Engineering,1,4.58,4.0,3.0,1,3,0,2,,0,4,0,10th,2.66,2.9,High,S137
Computer Science and Engineering,1,4.1,3.75,1.0,0,4,0,2,,0,4,0,9th,2.57,2.9,High,S138
Computer Science and Engineering,1,3.33,4.61,,1,3,0,2,,0,4,0,9th,2.44,2.9,High,S139
Computer Science and Engineering,1,3.67,3.06,3.0,1,5,0,2,,0,4,1,8th,2.55,2.9,High,S140
Computer Science and Engineering,1,4.17,4.61,2.0,0,5,0,2,,0,4,0,8th,2.64,2.9,High,S141
Computer Science and Engineering,0,3.83,5.0,1.0,1,4,0,2,,0,4,0,8th,2.6,2.9,High,S142
Computer Science and Engineering,1,4.67,4.75,,1,3,0,2,,0,4,0,7th,2.6,2.9,High,S143
Computer Science and Engineering,1,4.5,4.28,1.0,1,3,0,2,,0,4,0,7th,2.6,2.9,High,S144
Computer Science and Engineering,1,4.33,5.0,3.0,0,5,0,2,,0,4,0,6th,2.5,2.9,High,S145
Computer Science and Engineering,1,3.17,4.67,,1,4,0,2,,0,4,0,6th,2.41,2.9,High,S146
Computer Science and Engineering,0,4.5,4.56,2.0,0,3,0,2,,0,4,0,6th,2.5,2.9,High,S147
Computer Science and Engineering,0,3.76,4.0,3.0,1,4,0,2,,0,4,0,6th,2.56,2.9,High,S148
Computer Science and Engineering,1,2.59,4.88,,0,5,0,2,,0,4,0,6th,2.55,2.9,High,S149
Computer Science and Engineering,1,3.33,3.78,1.0,1,4,0,2,,0,4,0,6th,2.69,2.9,High,S150
Computer Science and Engineering,0,4.5,5.0,1.0,1,5,0,2,,0,4,1,5th,2.67,2.9,High,S151
Computer Science and Engineering,1,4.17,4.61,1.0,1,3,0,2,,0,4,0,5th,2.5,2.9,High,S152
Computer Science and Engineering,0,4.42,5.0,1.0,0,3,0,2,,0,3,0,3rd,2.67,2.9,High,S153
Computer Science and Engineering,1,3.85,5.0,1.0,0,4,0,2,,0,4,0,3rd,2.42,2.9,High,S154
Computer Science and Engineering,1,3.92,5.0,3.0,1,2,0,2,,0,4,0,2nd,2.92,2.92,High,S155
Computer Science and Engineering,0,4.0,5.0,,1,4,0,2,,0,4,0,10th,2.42,2.94,High,S156
Computer Science and Engineering,1,3.33,4.89,0.0,1,2,0,2,,0,4,0,2nd,2.94,2.94,High,S157
Computer Science and Engineering,1,3.92,4.73,1.0,1,3,0,2,,0,4,0,2nd,2.94,2.94,High,S158
Computer Science and Engineering,0,3.42,4.68,,1,2,0,2,,0,4,0,2nd,2.94,2.94,High,S159
Computer Science and Engineering,1,4.5,4.75,1.0,1,1,1,2,,0,4,1,8th,2.48,2.98,High,S160
Computer Science and Engineering,0,4.5,5.0,3.0,0,3,1,2,2.0,0,3,1,11th,3.45,3.0,Medium,S161
Computer Science and Engineering,1,5.0,5.0,1.0,1,3,0,2,2.0,0,4,0,2nd,3.0,3.0,Medium,S162
Computer Science and Engineering,1,5.0,5.0,2.0,0,3,0,0,,0,4,1,4th,2.45,3.0,Medium,S163
Computer Science and Engineering,0,5.0,5.0,2.0,0,3,0,1,2.0,0,3,0,4th,3.22,3.0,Medium,S164
Computer Science and Engineering,0,4.5,4.75,1.0,1,1,2,2,2.0,0,4,0,10th,3.17,3.0,Medium,S165
Computer Science and Engineering,1,3.08,4.68,,1,3,0,2,,0,4,0,2nd,3.0,3.0,Medium,S166
Computer Science and Engineering,0,3.92,5.0,,0,5,0,2,,0,4,0,2nd,3.0,3.0,Medium,S167
Computer Science and Engineering,1,3.67,4.68,,0,3,0,2,,0,4,0,2nd,3.0,3.0,Medium,S168
Computer Science and Engineering,0,3.92,5.0,2.0,0,4,0,2,,0,4,0,2nd,3.0,3.0,Medium,S169
Computer Science and Engineering,0,3.53,5.0,,0,2,0,2,,0,4,0,2nd,3.0,3.0,Medium,S170
Computer Science and Engineering,1,3.83,4.73,,1,3,1,2,,0,5,1,2nd,3.06,3.06,Medium,S171
Computer Science and Engineering,0,2.93,4.71,2.0,1,4,1,2,,0,3,1,2nd,3.06,3.06,Medium,S172
Computer Science and Engineering,1,3.5,5.0,3.0,0,5,1,2,,0,3,1,2nd,3.06,3.06,Medium,S173
Computer Science and Engineering,1,5.0,5.0,1.0,1,4,1,2,2.0,0,3,1,4th,2.94,3.07,Medium,S174
Computer Science and Engineering,1,4.0,4.92,1.0,1,3,1,1,2.0,0,3,1,11th,3.0,3.08,Medium,S175
Computer Science and Engineering,1,3.92,5.0,1.0,1,4,1,1,,0,4,0,10th,3.29,3.08,Medium,S176
Computer Science and Engineering,1,3.6,4.94,2.0,1,4,1,1,,0,4,0,10th,3.25,3.08,Medium,S177
Computer Science and Engineering,1,3.83,4.75,2.0,1,3,1,1,,0,4,0,9th,3.25,3.08,Medium,S178
Computer Science and Engineering,0,3.51,3.19,0.0,1,3,1,1,,0,3,0,9th,3.25,3.08,Medium,S179
Computer Science and Engineering,1,4.44,5.0,2.0,0,5,1,1,,1,2,0,8th,3.25,3.08,Medium,S180
Computer Science and Engineering,0,3.92,5.0,2.0,1,3,1,1,,0,3,0,8th,3.28,3.08,Medium,S181
Computer Science and Engineering,1,4.5,5.0,1.0,0,3,1,1,,0,4,0,8th,3.3,3.08,Medium,S182
Computer Science and Engineering,1,4.5,5.0,3.0,0,1,1,1,,1,2,0,8th,3.26,3.08,Medium,S183
Computer Science and Engineering,1,3.42,4.0,,1,4,1,1,,1,2,0,6th,3.3,3.08,Medium,S184
Computer Science and Engineering,0,3.86,5.0,3.0,1,5,1,1,,0,3,0,6th,3.25,3.08,Medium,S185
Computer Science and Engineering,1,5.0,5.0,0.0,1,4,1,1,,0,3,0,3rd,3.25,3.08,Medium,S186
Computer Science and Engineering,1,4.08,5.0,0.0,1,1,1,1,2.0,0,3,1,10th,2.73,3.09,Medium,S187
Computer Science and Engineering,1,4.0,4.33,0.0,1,3,0,1,2.0,0,1,0,7th,2.69,3.1,Medium,S188
Computer Science and Engineering,1,4.83,5.0,1.0,1,1,1,2,,0,3,0,7th,2.83,3.1,Medium,S189
Computer Science and Engineering,1,5.0,5.0,0.0,1,3,2,0,2.0,0,3,1,4th,3.11,3.11,Medium,S190
Computer Science and Engineering,1,3.42,4.63,0.0,1,3,1,2,2.0,0,5,1,2nd,3.13,3.13,Medium,S191
Computer Science and Engineering,1,4.33,4.68,3.0,0,5,1,2,2.0,0,3,1,2nd,3.13,3.13,Medium,S192
Computer Science and Engineering,0,4.0,5.0,1.0,0,3,1,2,2.0,0,3,1,2nd,3.13,3.13,Medium,S193
Computer Science and Engineering,1,3.08,4.06,2.0,1,3,1,2,2.0,0,4,0,2nd,3.13,3.13,Medium,S194
Computer Science and Engineering,1,3.92,5.0,0.0,1,4,1,1,,0,3,0,9th,3.34,3.15,Medium,S195
Computer Science and Engineering,1,4.44,5.0,0.0,0,5,1,1,,0,4,0,9th,3.3,3.15,Medium,S196
Computer Science and Engineering,0,3.92,5.0,3.0,0,5,1,1,,0,3,0,8th,3.34,3.15,Medium,S197
Computer Science and Engineering,1,3.42,4.17,,0,3,1,1,,0,3,0,7th,3.33,3.15,Medium,S198
Computer Science and Engineering,0,4.58,5.0,,0,3,1,1,,0,3,0,7th,3.33,3.15,Medium,S199
Computer Science and Engineering,0,3.83,5.0,,1,3,1,1,,0,3,0,7th,3.33,3.15,Medium,S200
Computer Science and Engineering,0,4.5,5.0,2.0,0,3,1,1,,0,4,0,5th,3.3,3.15,Medium,S201
Computer Science and Engineering,1,4.75,5.0,2.0,1,4,1,2,2.0,0,3,1,2nd,3.16,3.16,Medium,S202
Computer Science and Engineering,1,4.19,4.36,1.0,0,3,1,2,,0,3,1,2nd,3.19,3.19,Medium,S203
Computer Science and Engineering,1,3.5,4.73,1.0,1,3,1,2,,0,4,0,2nd,3.19,3.19,Medium,S204
Computer Science and Engineering,1,3.38,5.0,1.0,0,5,1,2,,0,3,1,2nd,3.19,3.19,Medium,S205
Computer Science and Engineering,1,4.0,5.0,2.0,1,5,1,2,,1,4,0,2nd,3.19,3.19,Medium,S206
Computer Science and Engineering,1,3.8,4.56,2.0,0,3,1,2,,0,3,1,2nd,3.21,3.21,Medium,S207
Computer Science and Engineering,1,4.0,4.88,2.0,1,3,2,2,2.0,0,3,0,8th,3.27,3.22,Medium,S208
Computer Science and Engineering,1,4.2,5.0,1.0,0,5,1,2,2.0,1,4,1,11th,3.02,3.25,Medium,S209
Computer Science and Engineering,1,3.67,5.0,0.0,0,5,1,2,2.0,0,3,1,10th,3.09,3.25,Medium,S210
Computer Science and Engineering,1,3.5,4.88,0.0,1,4,1,2,2.0,0,4,0,10th,3.1,3.25,Medium,S211
Computer Science and Engineering,1,3.5,4.56,0.0,1,3,0,2,,0,5,1,10th,3.01,3.25,Medium,S212
Computer Science and Engineering,1,4.0,4.88,2.0,0,5,1,2,,1,4,0,8th,3.08,3.25,Medium,S213
Computer Science and Engineering,1,3.93,5.0,1.0,0,2,1,2,,0,5,1,8th,3.04,3.25,Medium,S214
Computer Science and Engineering,1,4.08,5.0,1.0,0,4,1,2,,0,4,0,8th,3.04,3.25,Medium,S215
Computer Science and Engineering,1,4.33,4.81,2.0,1,3,1,1,,0,3,0,8th,3.22,3.25,Medium,S216
Computer Science and Engineering,1,4.25,5.0,1.0,1,4,1,2,2.0,0,4,0,8th,3.11,3.25,Medium,S217
Computer Science and Engineering,1,4.1,5.0,1.0,1,1,1,2,2.0,0,5,1,8th,3.1,3.25,Medium,S218
Computer Science and Engineering,0,3.87,4.94,2.0,0,3,1,2,,0,5,1,7th,3.08,3.25,Medium,S219
Computer Science and Engineering,0,4.58,5.0,2.0,0,4,1,2,,0,4,0,6th,3.04,3.25,Medium,S220
Computer Science and Engineering,1,3.83,5.0,3.0,1,4,0,2,,0,4,0,5th,3.0,3.25,Medium,S221
Computer Science and Engineering,1,4.5,4.28,3.0,0,5,1,2,,0,3,1,5th,3.05,3.25,Medium,S222
Computer Science and Engineering,0,4.0,5.0,2.0,1,5,1,2,,0,5,1,5th,3.08,3.25,Medium,S223
Computer Science and Engineering,0,4.0,5.0,,1,1,1,2,,0,5,1,5th,3.08,3.25,Medium,S224
Computer Science and Engineering,0,3.83,5.0,2.0,1,3,1,2,,0,4,0,3rd,3.06,3.25,Medium,S225
Computer Science and Engineering,1,3.67,5.0,3.0,0,3,0,2,,0,4,0,3rd,3.0,3.25,Medium,S226
Computer Science and Engineering,0,3.92,4.18,2.0,0,5,1,2,,0,3,1,3rd,3.08,3.25,Medium,S227
Computer Science and Engineering,1,3.5,4.81,0.0,1,3,1,1,,0,3,0,2nd,3.25,3.25,Medium,S228
Computer Science and Engineering,1,3.07,4.85,0.0,1,3,1,1,,0,3,0,2nd,3.25,3.25,Medium,S229
Computer Science and Engineering,1,3.92,5.0,1.0,0,3,1,1,,0,3,0,2nd,3.25,3.25,Medium,S230
Computer Science and Engineering,1,4.08,5.0,0.0,1,2,1,1,,0,4,0,2nd,3.25,3.25,Medium,S231
Computer Science and Engineering,1,3.83,5.0,1.0,1,1,1,1,,0,3,0,2nd,3.25,3.25,Medium,S232
Computer Science and Engineering,1,3.58,4.83,3.0,1,2,1,1,,0,3,0,2nd,3.25,3.25,Medium,S233
Computer Science and Engineering,1,3.92,5.0,1.0,1,3,1,1,,0,3,0,2nd,3.25,3.25,Medium,S234
Computer Science and Engineering,1,4.25,5.0,,1,5,1,1,,0,2,1,2nd,3.25,3.25,Medium,S235
Computer Science and Engineering,1,4.42,4.86,1.0,0,2,1,1,,0,4,0,2nd,3.25,3.25,Medium,S236
Computer Science and Engineering,1,4.5,4.86,2.0,1,3,1,1,,0,3,0,2nd,3.25,3.25,Medium,S237
Computer Science and Engineering,0,3.75,4.59,2.0,1,5,1,1,,0,2,1,2nd,3.25,3.25,Medium,S238
Computer Science and Engineering,0,4.5,4.75,2.0,1,1,2,2,2.0,0,4,0,8th,3.11,3.26,Medium,S239
Computer Science and Engineering,1,5.0,4.67,0.0,1,3,2,1,2.0,0,3,1,3rd,3.27,3.27,Medium,S240
Computer Science and Engineering,1,4.0,5.0,2.0,0,5,1,1,,0,3,0,10th,3.47,3.27,Medium,S241
Computer Science and Engineering,1,4.3,5.0,2.0,0,4,1,1,,0,3,0,10th,3.44,3.27,Medium,S242
Computer Science and Engineering,1,4.25,5.0,,0,3,1,1,,1,2,0,9th,3.43,3.27,Medium,S243
Computer Science and Engineering,1,4.25,4.61,3.0,0,5,1,1,,0,3,0,8th,3.48,3.27,Medium,S244
Computer Science and Engineering,0,4.25,5.0,1.0,1,3,1,1,,0,4,0,8th,3.43,3.27,Medium,S245
Computer Science and Engineering,0,3.14,4.63,,1,2,1,1,,0,4,0,7th,3.47,3.27,Medium,S246
Computer Science and Engineering,0,4.5,4.75,1.0,1,1,2,2,2.0,0,3,0,10th,3.33,3.28,Medium,S247
Computer Science and Engineering,1,3.67,4.78,2.0,1,3,1,1,,0,3,0,2nd,3.3,3.3,Medium,S248
Computer Science and Engineering,1,3.83,5.0,2.0,1,5,1,1,,0,2,1,2nd,3.3,3.3,Medium,S249
Computer Science and Engineering,1,4.58,5.0,3.0,0,5,1,1,,0,3,0,2nd,3.31,3.31,Medium,S250
Computer Science and Engineering,0,4.75,5.0,3.0,0,3,1,1,,0,3,0,2nd,3.31,3.31,Medium,S251
Computer Science and Engineering,0,4.17,5.0,1.0,0,5,1,1,,0,3,0,2nd,3.31,3.31,Medium,S252
Computer Science and Engineering,0,3.67,4.56,3.0,0,5,1,1,,0,3,0,2nd,3.31,3.31,Medium,S253
Computer Science and Engineering,1,4.5,4.75,1.0,1,1,2,2,2.0,0,3,1,8th,3.32,3.32,Medium,S254
Computer Science and Engineering,1,4.08,4.17,,1,5,1,1,,0,3,0,2nd,3.32,3.32,Medium,S255
Computer Science and Engineering,1,4.01,4.33,1.0,1,3,1,1,2.0,1,2,1,4th,2.71,3.33,Medium,S256
Computer Science and Engineering,0,4.0,4.38,1.0,0,3,1,1,,0,3,0,9th,3.41,3.33,Medium,S257
Computer Science and Engineering,0,3.58,4.44,2.0,1,5,1,1,,0,2,1,8th,3.35,3.33,Medium,S258
Computer Science and Engineering,0,4.5,4.75,1.0,1,1,2,2,2.0,0,4,0,8th,3.55,3.33,Medium,S259
Computer Science and Engineering,1,4.5,4.75,1.0,1,1,1,2,,0,3,0,8th,2.86,3.33,Medium,S260
Computer Science and Engineering,1,4.33,5.0,2.0,0,3,1,1,,0,4,0,8th,3.4,3.33,Medium,S261
Computer Science and Engineering,0,3.83,4.89,,0,3,1,1,,0,3,0,7th,3.42,3.33,Medium,S262
Computer Science and Engineering,1,3.5,4.61,1.0,0,5,1,1,,0,3,0,6th,3.38,3.33,Medium,S263
Computer Science and Engineering,1,4.0,4.89,3.0,1,3,1,1,,0,3,0,5th,3.4,3.33,Medium,S264
Computer Science and Engineering,1,4.25,4.94,1.0,0,4,1,1,,0,3,0,5th,3.42,3.33,Medium,S265
Computer Science and Engineering,0,5.0,5.0,,1,3,1,1,,0,3,0,5th,3.42,3.33,Medium,S266
Computer Science and Engineering,1,4.17,4.89,2.0,0,3,1,1,,0,4,0,3rd,3.42,3.33,Medium,S267
Computer Science and Engineering,1,4.17,4.95,3.0,1,2,1,1,,0,4,0,2nd,3.35,3.35,Medium,S268
Computer Science and Engineering,1,4.5,4.75,2.0,1,3,2,2,2.0,0,3,0,8th,3.14,3.37,Medium,S269
Computer Science and Engineering,0,4.08,5.0,1.0,0,3,1,1,,0,4,0,2nd,3.38,3.38,Medium,S270
Computer Science and Engineering,1,3.75,4.95,2.0,1,3,1,1,,0,3,0,2nd,3.38,3.38,Medium,S271
Computer Science and Engineering,1,4.42,4.89,,1,3,1,1,,0,3,0,2nd,3.38,3.38,Medium,S272
Computer Science and Engineering,1,4.75,4.09,1.0,0,5,1,1,,0,4,0,2nd,3.38,3.38,Medium,S273
Computer Science and Engineering,1,4.25,5.0,1.0,0,3,1,1,,0,4,0,2nd,3.38,3.38,Medium,S274
Computer Science and Engineering,0,3.58,5.0,2.0,1,5,1,1,,0,2,1,2nd,3.38,3.38,Medium,S275
Computer Science and Engineering,0,4.17,4.83,1.0,1,3,1,1,,0,3,0,2nd,3.38,3.38,Medium,S276
Computer Science and Engineering,1,3.42,4.68,1.0,1,5,1,1,,0,2,1,2nd,3.38,3.38,Medium,S277
Computer Science and Engineering,1,3.67,4.89,0.0,1,3,0,0,2.0,1,4,1,10th,3.3,3.39,Medium,S278
Computer Science and Engineering,1,4.5,4.75,1.0,1,1,1,2,2.0,0,4,1,7th,3.83,3.39,Medium,S279
Computer Science and Engineering,0,4.5,4.75,2.0,1,3,2,2,2.0,0,4,0,8th,3.27,3.43,Medium,S280
Computer Science and Engineering,0,4.83,5.0,3.0,0,2,1,1,2.0,0,4,0,11th,3.56,3.44,Medium,S281
Computer Science and Engineering,1,4.33,5.0,0.0,1,3,1,2,,0,5,1,10th,3.6,3.44,Medium,S282
Computer Science and Engineering,1,4.33,5.0,3.0,1,3,1,2,,0,5,1,8th,3.59,3.44,Medium,S283
Computer Science and Engineering,0,4.55,5.0,3.0,0,5,1,1,,0,3,0,2nd,3.44,3.44,Medium,S284
Computer Science and Engineering,1,4.25,4.89,0.0,0,5,1,1,,0,4,0,2nd,3.44,3.44,Medium,S285
Computer Science and Engineering,1,3.92,5.0,1.0,0,3,1,1,,0,3,0,2nd,3.44,3.44,Medium,S286
Computer Science and Engineering,0,4.75,5.0,2.0,1,1,0,2,,0,1,0,11th,3.52,3.45,Medium,S287
Computer Science and Engineering,1,4.5,4.75,2.0,1,1,2,2,,0,4,0,3rd,2.92,3.46,Medium,S288
Computer Science and Engineering,1,5.0,5.0,1.0,0,5,0,2,2.0,0,4,1,2nd,3.48,3.48,Medium,S289
Computer Science and Engineering,1,3.5,4.8,3.0,0,5,0,2,,0,5,1,11th,3.02,3.5,Low,S290
Computer Science and Engineering,0,5.0,5.0,1.0,0,4,1,2,2.0,1,5,1,4th,2.07,3.5,Low,S291
Computer Science and Engineering,1,4.53,4.75,1.0,1,1,0,2,2.0,0,4,1,10th,3.0,3.5,Low,S292
Computer Science and Engineering,1,4.42,4.88,0.0,1,4,0,1,2.0,0,3,0,10th,3.76,3.5,Low,S293
Computer Science and Engineering,1,4.58,5.0,3.0,1,4,0,1,2.0,0,4,0,9th,3.7,3.5,Low,S294
Computer Science and Engineering,0,3.5,4.81,1.0,1,4,2,2,2.0,0,5,1,9th,3.8,3.5,Low,S295
Computer Science and Engineering,1,5.0,5.0,2.0,0,5,0,2,2.0,0,5,1,8th,4.0,3.5,Low,S296
Computer Science and Engineering,1,4.58,5.0,1.0,0,1,0,1,2.0,0,5,1,8th,3.78,3.5,Low,S297
Computer Science and Engineering,0,4.83,5.0,3.0,0,3,0,0,2.0,0,3,1,7th,3.83,3.5,Low,S298
Computer Science and Engineering,0,4.33,5.0,,0,3,2,2,2.0,0,5,1,7th,3.81,3.5,Low,S299
Computer Science and Engineering,0,4.25,5.0,2.0,1,5,2,2,2.0,0,5,1,6th,3.81,3.5,Low,S300
Computer Science and Engineering,1,4.33,5.0,,1,4,0,1,2.0,0,4,0,6th,3.75,3.5,Low,S301
Computer Science and Engineering,1,3.75,4.67,2.0,1,3,0,0,2.0,0,3,1,5th,3.83,3.5,Low,S302
Computer Science and Engineering,1,4.58,5.0,3.0,1,3,0,1,2.0,0,3,0,5th,3.75,3.5,Low,S303
Computer Science and Engineering,0,3.67,4.61,3.0,0,3,1,1,,0,3,0,2nd,3.5,3.5,Low,S304
Computer Science and Engineering,0,3.75,4.78,2.0,1,3,1,1,,0,3,0,2nd,3.5,3.5,Low,S305
Computer Science and Engineering,1,4.17,4.94,0.0,1,3,1,1,,0,3,0,2nd,3.5,3.5,Low,S306
Computer Science and Engineering,1,4.0,5.0,1.0,1,3,1,1,,0,4,0,2nd,3.5,3.5,Low,S307
Computer Science and Engineering,1,3.75,4.61,,1,3,1,1,,0,3,0,2nd,3.5,3.5,Low,S308
Computer Science and Engineering,1,4.08,5.0,3.0,0,5,1,1,,0,3,0,2nd,3.5,3.5,Low,S309
Computer Science and Engineering,0,4.33,4.94,1.0,0,5,1,1,,0,3,0,2nd,3.5,3.5,Low,S310
Computer Science and Engineering,1,4.57,5.0,1.0,1,5,0,0,2.0,0,5,0,11th,3.92,3.54,Low,S311
Computer Science and Engineering,0,4.5,4.75,1.0,1,1,2,2,2.0,0,5,0,10th,3.42,3.55,Low,S312
Computer Science and Engineering,1,4.52,4.75,1.0,1,1,2,2,2.0,0,3,0,10th,3.42,3.55,Low,S313
Computer Science and Engineering,1,3.58,5.0,0.0,1,3,1,2,,0,5,1,9th,3.57,3.56,Low,S314
Computer Science and Engineering,0,4.17,5.0,,1,4,1,2,,0,3,1,2nd,3.56,3.56,Low,S315
Computer Science and Engineering,0,4.25,5.0,1.0,1,5,1,2,,0,5,1,2nd,3.56,3.56,Low,S316
Computer Science and Engineering,1,4.33,5.0,3.0,1,3,1,2,,0,5,1,2nd,3.56,3.56,Low,S317
Computer Science and Engineering,0,3.83,4.59,1.0,0,3,1,2,,0,3,1,2nd,3.56,3.56,Low,S318
Computer Science and Engineering,1,4.17,4.59,2.0,1,3,1,2,,0,4,0,2nd,3.56,3.56,Low,S319
Computer Science and Engineering,0,4.17,5.0,,1,3,1,2,,0,3,1,2nd,3.56,3.56,Low,S320
Computer Science and Engineering,1,4.0,5.0,3.0,1,5,1,2,,0,3,1,2nd,3.56,3.56,Low,S321
Computer Science and Engineering,0,4.0,5.0,3.0,0,3,1,2,,0,3,1,2nd,3.56,3.56,Low,S322
Computer Science and Engineering,0,4.42,5.0,,0,4,1,2,,0,4,0,2nd,3.56,3.56,Low,S323
Computer Science and Engineering,1,3.92,4.18,3.0,0,5,1,2,,0,3,1,2nd,3.56,3.56,Low,S324
Computer Science and Engineering,1,5.0,5.0,0.0,1,1,0,2,2.0,0,1,0,4th,3.64,3.6,Low,S325
Computer Science and Engineering,0,3.83,5.0,3.0,0,5,1,2,,0,3,1,10th,3.61,3.6,Low,S326
Computer Science and Engineering,1,5.0,5.0,0.0,1,3,1,2,,0,5,1,10th,3.62,3.6,Low,S327
Computer Science and Engineering,1,3.92,3.94,1.0,0,5,1,2,,0,3,1,9th,3.64,3.6,Low,S328
Computer Science and Engineering,1,3.67,4.44,,1,5,1,2,,0,3,1,6th,3.63,3.6,Low,S329
Computer Science and Engineering,1,5.0,5.0,2.0,0,4,2,1,2.0,1,5,1,4th,3.66,3.61,Low,S330
Computer Science and Engineering,0,4.16,4.67,2.0,0,3,1,2,2.0,0,3,1,10th,3.66,3.62,Low,S331
Computer Science and Engineering,1,4.83,5.0,1.0,0,3,1,2,,0,3,1,2nd,3.63,3.63,Low,S332
Computer Science and Engineering,0,4.25,5.0,1.0,0,5,1,2,,0,3,1,2nd,3.63,3.63,Low,S333
Computer Science and Engineering,1,4.5,5.0,1.0,1,3,0,1,2.0,0,4,0,11th,3.88,3.64,Low,S334
Computer Science and Engineering,1,3.5,4.72,,0,3,1,2,,0,3,1,2nd,3.64,3.64,Low,S335
Computer Science and Engineering,0,3.75,5.0,0.0,1,5,1,0,2.0,0,4,1,11th,3.71,3.65,Low,S336
Computer Science and Engineering,0,5.0,5.0,2.0,0,3,1,0,2.0,1,3,0,4th,3.6,3.65,Low,S337
Computer Science and Engineering,1,4.42,5.0,3.0,0,4,1,2,2.0,0,4,0,10th,3.53,3.67,Low,S338
Computer Science and Engineering,1,4.5,5.0,2.0,0,5,1,1,,0,3,0,10th,3.5,3.67,Low,S339
Computer Science and Engineering,1,4.42,5.0,2.0,1,5,1,2,,0,5,1,10th,3.55,3.67,Low,S340
Computer Science and Engineering,1,3.17,4.31,3.0,1,4,1,1,,0,3,0,9th,3.5,3.67,Low,S341
Computer Science and Engineering,0,3.67,4.38,2.0,1,3,1,2,2.0,0,4,0,8th,3.52,3.67,Low,S342
Computer Science and Engineering,1,3.83,4.94,2.0,0,4,1,1,,0,3,0,8th,3.51,3.67,Low,S343
Computer Science and Engineering,1,4.33,5.0,3.0,1,4,1,2,2.0,0,4,0,8th,3.52,3.67,Low,S344
Computer Science and Engineering,1,4.5,5.0,,1,3,1,1,,0,3,0,6th,3.5,3.67,Low,S345
Computer Science and Engineering,1,4.08,5.0,3.0,0,5,1,1,,0,3,0,6th,3.5,3.67,Low,S346
Computer Science and Engineering,1,5.0,5.0,,0,5,1,1,,0,3,0,5th,3.5,3.67,Low,S347
Computer Science and Engineering,0,5.0,5.0,3.0,0,5,1,2,2.0,0,3,1,2nd,3.68,3.68,Low,S348
Computer Science and Engineering,1,4.42,5.0,0.0,1,3,2,1,2.0,0,2,1,2nd,3.69,3.69,Low,S349
Computer Science and Engineering,1,4.17,5.0,1.0,1,3,2,1,2.0,0,2,1,2nd,3.69,3.69,Low,S350
Computer Science and Engineering,1,4.0,4.0,2.0,1,4,2,1,2.0,0,3,1,10th,4.0,3.7,Low,S351
Computer Science and Engineering,1,4.17,5.0,2.0,0,4,1,1,2.0,1,4,1,10th,1.82,3.7,Low,S352
Computer Science and Engineering,0,4.25,3.75,1.0,0,5,1,2,,0,3,1,10th,3.18,3.7,Low,S353
Computer Science and Engineering,1,3.14,4.44,2.0,0,5,1,2,,0,3,1,10th,3.2,3.7,Low,S354
Computer Science and Engineering,0,3.19,4.81,0.0,1,4,1,2,2.0,0,4,0,9th,3.16,3.7,Low,S355
Computer Science and Engineering,0,4.0,5.0,1.0,1,5,1,2,,0,5,1,8th,3.19,3.7,Low,S356
Computer Science and Engineering,1,4.17,5.0,,0,3,1,2,,0,3,1,7th,3.17,3.7,Low,S357
Computer Science and Engineering,0,3.8,4.78,,1,4,1,2,,0,4,0,6th,3.19,3.7,Low,S358
Computer Science and Engineering,1,3.75,4.78,3.0,0,4,1,2,,0,4,0,5th,3.17,3.7,Low,S359
Computer Science and Engineering,1,4.5,5.0,3.0,0,3,0,2,2.0,0,5,1,5th,4.0,3.7,Low,S360
Computer Science and Engineering,1,4.17,4.95,0.0,1,3,0,1,2.0,0,3,0,2nd,3.7,3.7,Low,S361
Computer Science and Engineering,1,4.67,4.5,1.0,1,3,0,1,2.0,0,3,0,2nd,3.7,3.7,Low,S362
Computer Science and Engineering,1,5.0,5.0,0.0,1,3,1,2,2.0,0,3,0,2nd,3.71,3.71,Low,S363
Computer Science and Engineering,1,5.0,5.0,2.0,1,4,1,2,2.0,0,3,1,10th,3.73,3.71,Low,S364
Computer Science and Engineering,1,3.33,4.75,,1,4,1,2,2.0,0,4,0,9th,3.73,3.71,Low,S365
Computer Science and Engineering,1,3.58,4.78,2.0,1,3,1,2,2.0,0,4,0,7th,3.74,3.71,Low,S366
Computer Science and Engineering,1,4.42,4.81,0.0,1,4,1,2,2.0,0,4,0,10th,3.68,3.74,Low,S367
Computer Science and Engineering,0,4.5,5.0,1.0,1,1,1,2,2.0,0,5,1,10th,3.68,3.74,Low,S368
Computer Science and Engineering,1,5.0,5.0,2.0,1,4,1,1,2.0,0,3,0,10th,3.85,3.74,Low,S369
Computer Science and Engineering,0,5.0,5.0,2.0,1,4,1,1,2.0,0,4,0,10th,3.85,3.74,Low,S370
Computer Science and Engineering,0,4.0,4.44,1.0,0,4,1,2,2.0,0,4,0,9th,3.66,3.74,Low,S371
Computer Science and Engineering,1,3.4,4.0,1.0,1,3,2,1,2.0,0,2,1,9th,3.7,3.74,Low,S372
Computer Science and Engineering,1,3.58,4.5,3.0,1,3,1,2,2.0,0,5,1,8th,3.67,3.74,Low,S373
Computer Science and Engineering,0,4.67,5.0,,0,5,1,1,2.0,1,2,0,8th,3.87,3.74,Low,S374
Computer Science and Engineering,1,4.08,5.0,3.0,0,5,1,2,2.0,0,3,1,6th,3.66,3.74,Low,S375
Computer Science and Engineering,1,3.83,4.83,,1,1,1,2,2.0,0,5,1,3rd,3.67,3.74,Low,S376
Computer Science and Engineering,0,4.0,5.0,1.0,1,3,1,1,2.0,0,3,0,11th,3.9,3.75,Low,S377
Computer Science and Engineering,0,4.0,5.0,0.0,1,4,0,2,2.0,0,5,0,11th,3.61,3.75,Low,S378
Computer Science and Engineering,1,4.25,5.0,0.0,1,4,0,2,,0,4,0,10th,4.0,3.75,Low,S379
Computer Science and Engineering,1,5.0,5.0,1.0,0,3,0,2,2.0,0,5,1,9th,4.0,3.75,Low,S380
Computer Science and Engineering,1,3.42,5.0,2.0,1,4,0,2,2.0,0,5,1,9th,4.0,3.75,Low,S381
Computer Science and Engineering,1,4.08,4.39,2.0,1,5,0,2,2.0,0,5,1,5th,4.0,3.75,Low,S382
Computer Science and Engineering,1,4.0,4.36,,1,3,0,2,2.0,0,5,1,3rd,4.0,3.75,Low,S383
Computer Science and Engineering,0,3.92,4.89,1.0,0,3,0,1,2.0,0,3,0,2nd,3.75,3.75,Low,S384
Computer Science and Engineering,1,4.5,5.0,2.0,0,3,0,1,2.0,0,3,0,2nd,3.75,3.75,Low,S385
Computer Science and Engineering,0,4.0,4.83,3.0,1,4,0,1,2.0,0,4,0,2nd,3.75,3.75,Low,S386
Computer Science and Engineering,0,4.17,4.83,1.0,0,4,0,1,2.0,0,3,0,2nd,3.75,3.75,Low,S387
Computer Science and Engineering,1,4.25,4.72,3.0,0,3,0,1,2.0,0,5,1,2nd,3.75,3.75,Low,S388
Computer Science and Engineering,0,3.5,5.0,1.0,0,3,0,1,2.0,0,3,0,2nd,3.75,3.75,Low,S389
Computer Science and Engineering,1,4.25,5.0,,0,5,0,1,2.0,1,2,0,2nd,3.75,3.75,Low,S390
Computer Science and Engineering,0,3.92,5.0,1.0,0,5,0,1,2.0,0,3,0,2nd,3.75,3.75,Low,S391
Computer Science and Engineering,0,5.0,5.0,2.0,0,2,1,1,2.0,0,4,0,4th,3.66,3.76,Low,S392
Computer Science and Engineering,1,4.58,5.0,2.0,1,4,1,1,2.0,0,4,0,10th,3.89,3.78,Low,S393
Computer Science and Engineering,0,5.0,5.0,2.0,0,5,1,0,2.0,0,3,1,10th,3.88,3.78,Low,S394
Computer Science and Engineering,1,4.25,5.0,3.0,1,2,1,0,2.0,0,3,1,5th,3.88,3.78,Low,S395
Computer Science and Engineering,1,4.75,5.0,1.0,1,4,0,2,2.0,1,3,1,10th,3.75,3.8,Low,S396
Computer Science and Engineering,1,5.0,5.0,1.0,0,5,0,2,2.0,0,4,0,4th,3.9,3.8,Low,S397
Computer Science and Engineering,1,3.83,4.69,2.0,1,5,0,1,2.0,0,4,0,10th,3.9,3.8,Low,S398
Computer Science and Engineering,1,4.5,4.61,3.0,0,5,0,0,2.0,0,3,1,6th,3.93,3.8,Low,S399
Computer Science and Engineering,0,4.42,4.77,0.0,1,3,0,0,2.0,0,3,1,3rd,3.92,3.8,Low,S400
Computer Science and Engineering,0,4.08,5.0,1.0,1,4,2,2,2.0,0,5,1,2nd,3.81,3.81,Low,S401
Computer Science and Engineering,0,4.08,4.82,1.0,0,5,2,2,2.0,0,5,1,2nd,3.81,3.81,Low,S402
Computer Science and Engineering,0,4.5,4.95,2.0,0,5,2,2,2.0,0,5,1,2nd,3.81,3.81,Low,S403
Computer Science and Engineering,1,5.0,5.0,1.0,1,5,2,2,2.0,0,5,1,2nd,3.81,3.81,Low,S404
Computer Science and Engineering,1,4.17,4.95,1.0,0,5,2,2,2.0,0,5,1,2nd,3.81,3.81,Low,S405
Computer Science and Engineering,0,4.17,5.0,1.0,0,5,2,2,2.0,0,5,1,2nd,3.81,3.81,Low,S406
Computer Science and Engineering,0,4.33,4.59,3.0,0,5,2,2,2.0,0,5,1,2nd,3.81,3.81,Low,S407
Computer Science and Engineering,1,3.83,5.0,1.0,0,4,2,2,2.0,0,5,1,2nd,3.81,3.81,Low,S408
Computer Science and Engineering,1,4.42,4.68,3.0,1,3,0,0,2.0,0,3,1,2nd,3.84,3.84,Low,S409
Computer Science and Engineering,1,4.83,4.89,1.0,0,3,1,0,2.0,0,4,0,5th,3.67,3.87,Low,S410
Computer Science and Engineering,0,5.0,4.61,1.0,1,1,1,1,2.0,0,3,0,2nd,3.88,3.88,Low,S411
Computer Science and Engineering,0,4.08,5.0,0.0,0,5,1,0,2.0,0,3,1,2nd,3.88,3.88,Low,S412
Computer Science and Engineering,1,4.5,4.89,,1,3,1,0,2.0,0,3,1,2nd,3.88,3.88,Low,S413
Computer Science and Engineering,0,5.0,5.0,1.0,0,2,1,0,2.0,0,3,1,2nd,3.88,3.88,Low,S414
Computer Science and Engineering,1,4.42,5.0,3.0,0,3,1,0,2.0,1,5,0,2nd,3.88,3.88,Low,S415
Computer Science and Engineering,1,4.25,5.0,0.0,1,5,1,0,2.0,0,3,1,2nd,3.88,3.88,Low,S416
Computer Science and Engineering,1,5.0,5.0,1.0,0,5,1,0,2.0,0,3,1,2nd,3.88,3.88,Low,S417
Computer Science and Engineering,1,5.0,5.0,1.0,1,4,1,1,2.0,0,4,1,2nd,3.89,3.89,Low,S418
Computer Science and Engineering,0,5.0,5.0,0.0,1,1,2,1,2.0,0,1,0,2nd,3.91,3.91,Low,S419
Computer Science and Engineering,0,5.0,5.0,3.0,1,3,0,0,2.0,0,3,1,2nd,3.93,3.93,Low,S420
Computer Science and Engineering,0,4.17,5.0,3.0,0,4,1,0,2.0,0,3,1,10th,3.94,3.94,Low,S421
Computer Science and Engineering,0,5.0,5.0,2.0,0,5,1,0,2.0,0,3,1,10th,3.97,3.94,Low,S422
Computer Science and Engineering,1,4.75,5.0,1.0,0,5,1,0,2.0,0,3,1,10th,3.94,3.94,Low,S423
Computer Science and Engineering,1,5.0,5.0,1.0,1,5,1,0,2.0,1,5,0,6th,3.98,3.94,Low,S424
Computer Science and Engineering,0,4.3,5.0,2.0,1,5,1,0,2.0,0,3,1,6th,3.94,3.94,Low,S425
Computer Science and Engineering,1,3.81,4.39,2.0,1,3,1,0,2.0,0,3,1,2nd,3.94,3.94,Low,S426
Computer Science and Engineering,1,4.0,4.39,,1,2,1,0,2.0,0,3,1,2nd,3.94,3.94,Low,S427
Computer Science and Engineering,0,4.42,5.0,3.0,0,3,1,0,2.0,0,3,1,2nd,3.94,3.94,Low,S428
Computer Science and Engineering,1,4.17,4.82,1.0,1,2,1,0,2.0,0,3,1,2nd,3.94,3.94,Low,S429
Computer Science and Engineering,1,3.75,4.78,2.0,0,2,1,0,2.0,0,3,1,2nd,3.94,3.94,Low,S430
Computer Science and Engineering,1,4.42,4.95,2.0,1,2,1,0,2.0,0,3,1,2nd,3.94,3.94,Low,S431
Computer Science and Engineering,0,5.0,5.0,3.0,1,5,1,0,2.0,0,3,1,2nd,3.94,3.94,Low,S432
Computer Science and Engineering,0,4.0,4.68,1.0,0,5,1,0,2.0,0,3,1,2nd,3.94,3.94,Low,S433
Computer Science and Engineering,1,4.5,4.75,2.0,1,1,2,0,2.0,0,4,0,8th,4.0,3.95,Low,S434
Computer Science and Engineering,1,5.0,5.0,1.0,0,4,1,1,2.0,0,4,1,4th,4.0,3.96,Low,S435
Computer Science and Engineering,1,4.58,5.0,1.0,0,5,0,2,2.0,0,3,0,11th,4.0,3.98,Low,S436
Computer Science and Engineering,1,5.0,5.0,2.0,0,5,0,2,,0,4,1,4th,4.0,4.0,Low,S437
Computer Science and Engineering,0,5.0,5.0,3.0,0,3,1,2,2.0,0,4,0,3rd,4.0,4.0,Low,S438
Computer Science and Engineering,1,5.0,5.0,0.0,1,4,0,2,2.0,0,5,0,2nd,4.0,4.0,Low,S439
Computer Science and Engineering,1,5.0,5.0,0.0,1,5,0,2,2.0,0,3,0,2nd,4.0,4.0,Low,S440
Computer Science and Engineering,1,5.0,5.0,0.0,0,3,1,1,2.0,0,3,0,2nd,4.0,4.0,Low,S441
Computer Science and Engineering,1,4.58,5.0,3.0,0,5,0,2,2.0,0,5,1,2nd,4.0,4.0,Low,S442
Computer Science and Engineering,0,4.92,5.0,3.0,0,3,0,2,2.0,0,5,1,2nd,4.0,4.0,Low,S443
Computer Science and Engineering,1,4.33,5.0,1.0,1,3,0,2,2.0,0,5,1,2nd,4.0,4.0,Low,S444
Computer Science and Engineering,1,5.0,5.0,1.0,0,3,0,2,2.0,0,5,1,2nd,4.0,4.0,Low,S445
Computer Science and Engineering,0,5.0,5.0,1.0,1,3,0,2,2.0,0,5,1,2nd,4.0,4.0,Low,S446
Computer Science and Engineering,0,5.0,5.0,1.0,0,5,0,2,2.0,0,5,1,2nd,4.0,4.0,Low,S447
Computer Science and Engineering,0,4.17,5.0,2.0,1,4,0,2,2.0,0,5,1,2nd,4.0,4.0,Low,S448
Economics,1,4.17,5.0,1.0,1,3,0,2,2.0,0,3,1,11th,3.14,3.7,Low,S449
Economics,1,4.75,4.83,0.0,1,2,0,2,,0,2,1,4th,3.66,3.74,Low,S450
Economics,1,4.9,5.0,3.0,0,4,1,1,2.0,0,4,1,10th,3.8,3.75,Low,S451
Economics,1,5.0,4.83,1.0,1,2,0,0,2.0,0,3,1,2nd,4.0,4.0,Low,S452
Electrical and Electronic Engineering,1,3.42,4.33,1.0,0,4,1,1,2.0,1,2,1,7th,3.83,2.97,High,S453
English,0,3.5,4.2,2.0,0,2,2,2,,0,2,1,6th,3.25,3.15,Medium,S454
English,1,4.33,4.39,1.0,1,4,1,1,2.0,0,4,0,4th,3.25,3.32,Medium,S455
English,0,4.5,4.0,2.0,0,2,1,0,,0,3,1,7th,3.33,3.33,Medium,S456
English,1,3.58,4.88,1.0,1,3,0,1,,0,4,1,11th,3.35,3.45,Medium,S457
English,0,5.0,5.0,1.0,1,1,2,1,2.0,0,3,1,5th,3.43,3.47,Medium,S458
English,0,5.0,5.0,0.0,1,1,0,2,2.0,0,5,0,3rd,3.55,3.47,Medium,S459
English,0,5.0,5.0,0.0,0,1,0,1,2.0,0,3,0,3rd,3.58,3.56,Low,S460
English,1,4.25,4.41,2.0,1,4,1,0,2.0,0,4,1,12th,3.66,3.6,Low,S461
English,0,4.25,5.0,1.0,1,3,0,1,2.0,0,4,1,10th,3.75,3.68,Low,S462
English,0,4.25,5.0,1.0,0,4,1,1,2.0,0,4,0,10th,3.85,3.74,Low,S463
English,0,4.25,4.68,3.0,0,5,2,2,2.0,0,5,1,3rd,3.71,3.75,Low,S464
English,1,5.0,5.0,1.0,0,2,0,0,2.0,0,4,1,4th,3.93,3.8,Low,S465
English,0,4.58,5.0,1.0,1,5,1,2,2.0,0,5,1,3rd,3.83,3.83,Low,S466
English,1,5.0,5.0,1.0,1,2,1,2,2.0,0,3,1,4th,4.0,3.93,Low,S467
"Journalism, Communication and Media Studies",1,3.27,4.82,2.0,0,2,0,1,,0,3,1,2nd,2.25,2.25,High,S468
"Journalism, Communication and Media Studies",0,4.67,4.56,2.0,0,3,1,2,,0,4,0,2nd,2.5,2.5,High,S469
"Journalism, Communication and Media Studies",1,3.83,3.0,0.0,1,2,1,2,2.0,0,3,1,3rd,3.17,3.0,Medium,S470
"Journalism, Communication and Media Studies",1,4.42,3.94,1.0,1,5,1,2,2.0,0,5,0,2nd,3.09,3.09,Medium,S471
"Journalism, Communication and Media Studies",0,4.5,4.28,1.0,1,2,1,0,2.0,0,2,1,2nd,3.17,3.17,Medium,S472
"Journalism, Communication and Media Studies",0,3.08,3.33,1.0,1,3,1,2,,0,3,0,3rd,2.17,3.5,Low,S473
"Journalism, Communication and Media Studies",1,4.53,3.91,0.0,1,5,0,0,2.0,0,2,1,3rd,3.83,3.5,Low,S474
"Journalism, Communication and Media Studies",0,4.5,4.34,3.0,1,3,2,0,2.0,0,5,1,2nd,3.5,3.5,Low,S475
"Journalism, Communication and Media Studies",1,4.0,4.0,2.0,0,3,1,2,2.0,0,3,1,12th,3.56,3.6,Low,S476
"Journalism, Communication and Media Studies",0,2.85,3.64,0.0,0,4,1,2,2.0,1,3,1,6th,3.5,3.67,Low,S477
"Journalism, Communication and Media Studies",1,4.0,4.33,2.0,0,3,1,0,2.0,0,3,1,11th,3.88,3.78,Low,S478
"Journalism, Communication and Media Studies",1,3.17,3.17,1.0,0,3,0,2,2.0,0,3,1,3rd,3.83,3.8,Low,S479
"Journalism, Communication and Media Studies",0,4.42,4.72,1.0,0,4,0,1,2.0,0,3,1,12th,4.0,4.0,Low,S480
Law and Human Rights,0,5.0,5.0,0.0,1,1,2,1,2.0,0,4,1,2nd,3.69,3.69,Low,S481
Law and Human Rights,0,3.58,4.86,1.0,1,1,0,1,,0,1,1,4th,3.9,3.79,Low,S482
Political Science,0,3.5,4.0,2.0,0,2,2,2,2.0,1,5,0,10th,3.15,2.85,High,S483
Political Science,1,5.0,4.94,3.0,0,5,0,1,,0,4,1,2nd,3.31,3.31,Medium,S484
Political Science,1,5.0,4.68,0.0,0,5,2,2,2.0,0,5,1,5th,3.56,3.56,Low,S485
Political Science,0,4.25,3.72,1.0,1,1,0,2,2.0,1,1,1,2nd,3.68,3.68,Low,S486
Political Science,0,5.0,4.89,3.0,1,2,1,1,2.0,0,2,1,3rd,3.88,3.88,Low,S487
Political Science,1,5.0,4.78,1.0,1,1,1,0,2.0,0,1,1,2nd,3.94,3.94,Low,S488
Public Health,1,3.5,4.0,1.0,1,2,2,1,,1,2,1,7th,3.25,3.1,Medium,S489
Public Health,1,4.5,4.0,2.0,0,4,1,1,,0,3,1,9th,3.5,3.67,Low,S490
Sociology,0,4.56,3.67,1.0,0,3,0,1,,0,2,0,2nd,3.56,3.56,Low,S491
Sociology,1,4.23,4.5,0.0,1,3,2,1,2.0,0,3,1,10th,3.61,3.75,Low,S492
Sociology,0,3.83,5.0,1.0,1,3,2,1,2.0,0,4,1,12th,4.0,3.86,Low,S493
